user,comment,clean_comment
@ridhokesuma21,udah monet channelnya bg?,udah monet channelnya bg
@yoris275,Anjay mantapp bangg😊😊😊😊,anjay mantapp bangg
@IlhamAinurohman-y6u,Buat back sound  lagi bkin layangan boskuu mantaap.. maju terus berkarya terus bosku slam dari sulawesi tenggara boss,buat back sound  lagi bkin layangan boskuu mantaap maju terus berkarya terus bosku slam dari sulawesi tenggara boss
@AFNindo,Biasanya tak buat lagu senam briefing pagi ini mantap bang biar tambah semangat pagi hari sebelum kerja,biasanya tak buat lagu senam briefing pagi ini mantap bang biar tambah semangat pagi hari sebelum kerja
@RobertoDosSantos-q3h,Gacor nii bang🎉,gacor nii bang
@RojinRojin-c1u,Enak banget djnya bang😊,enak banget djnya bang
@chikazz,teruskan lagu terbaik boskuu ada yng masa bik akan datang lebih berguna,teruskan lagu terbaik boskuu ada yng masa bik akan datang lebih berguna
@mellaniafitriani09,Mantap banget😊,mantap banget
@KadekMurni-g4j,Salam kak aku pengen di sapa sama anak loteng salam dari lobar ya,salam kak aku pengen di sapa sama anak loteng salam dari lobar ya
@KaiItoshi-n4w,mas ga mau di taro spotify kah? gacor banget sumpah soundnyaaa,mas ga mau di taro spotify kah gacor banget sumpah soundnyaaa
@Fami-z3l,Enak banget suaranya candu candu banget🎉🎉🎉🎉🎉🎉,enak banget suaranya candu candu banget
@zahraamira617,asikk bangg,asikk bangg
@Aditya-i6c2b,Gacor kali bang🎉,gacor kali bang
@DarrelAdli-n5i,Video musik DJ calon mantu terbaik kali ini bagus banget,video musik dj calon mantu terbaik kali ini bagus banget
@AfifRaditya-k1v,Toppp boskuwhhh🎉🎉❤❤,toppp boskuwhhh
@FloraRiatamba-p5w,menyala abangkuu rooooooooooorrrr,menyala abangkuu rooooooooooorrrr
@Misriyati23,Enak banget buat bersih bersih tambah semangat ❤🎉,enak banget buat bersih bersih tambah semangat 
@MetaAulia-w1f,Asik banget,asik banget
@Miaa16-r5l,Kane bangetttt njayyyy❤,kane bangetttt njayyyy
@Sanirida,candu bget njirrrr❤🎉🎉🎉😅 Thank you dj 🤤,candu bget njirrrr thank you dj 
@HamzahMohammed-n2t,Rt ini lagu apa,rt ini lagu apa
@BangunIkhwani,Gutouri❤lyiiout❤yo,gutourilyiioutyo
@MahmudJos,Adel❤meme❤alika❤alin❤sipa❤sang❤adara❤reta❤asira❤raga❤zagara❤zaka❤dezano❤yaza❤dimasi❤,adelmemealikaalinsipasangadararetaasiraragazagarazakadezanoyazadimasi
@AtikaPanjaitan-m8o,Mantap bang 💪😎💯🎉,mantap bang 
@20.nadyashafwah27,nitippp,nitippp
@VivoY91-v9b,Bagus😊😊😊😊😊😊😊😊,bagus
@VivoY91-v9b,😊😊,
@WongMatrix-th3jw,ngga sopan bang ngomong nya😢,ngga sopan bang ngomong nya
@MaulidiaAssija-jl1ox,❤,
@rishkaRISHKAikka,M,m
@GreenOrganik,its so good nice,its so good nice
@AzzamRaditya-c9i,mantaaap 😊😊,mantaaap 
@iyan-u5j,Asik banget bg,asik banget bg
@IrfangmingIrfangming,lagu ini aku cokk🎉🎉🎉,lagu ini aku cokk
@cipetirchannel4964,"Enk dijenyaaaaaa
😊","enk dijenyaaaaaa
"
@BambangBambang-r9i,Kren bro lagsung semangat kerja sambil putar musik nya🔥🔥,kren bro lagsung semangat kerja sambil putar musik nya
@FatirRahman-w9p,",iyadong emang mantap ya😊",iyadong emang mantap ya
@newaura-b1i,asik betttt,asik betttt
@Adri-xl5jm,Keren😮,keren
@Miraloli-m9h,Uhhhhh enak banget DJ nya wow,uhhhhh enak banget dj nya wow
@Kasfi-g1b5z,Mantap bang❤❤❤❤,mantap bang
@cipetirchannel4964,Wow enak di jenya👍👍👍👍,wow enak di jenya
@prayugodwipangestu,MANTAP BOS 😊😊😊😊😊,mantap bos 
@Rizkimaulana-l6o,Mantap gebas dan kenceng,mantap gebas dan kenceng
@TiaraTiara-l6d,Mantap kali lagunya bang 🎉,mantap kali lagunya bang 
@firmann10,Anjay mantafp bang,anjay mantafp bang
@foxtrotsix4391,Kane banget bang sukses selalu ⚡️😁,kane banget bang sukses selalu 
@adamkreezy4754,"Hidupp mahiru
Hidupp blondeee!!🎉","hidupp mahiru
hidupp blondeee"
@ZahraCantik-c7p,Mantap banget bos,mantap banget bos
@Wijiyanti-t5w,❤❤❤🎉🎉🎉😊😊😊suka sekali emang keren sekali lagunya boy,suka sekali emang keren sekali lagunya boy
@DarrelAdli-n5i,Musik DJ calon mantu terbaik kali ini bagus banget,musik dj calon mantu terbaik kali ini bagus banget
@NauraDelia-e9k,iya cui,iya cui
@mohdazrilmohdsolehim,❤,
@ArmanRossi,Masa,masa
@DarrelAdli6,Video musik DJ calon mantu terbaik mamamu kali ini enak sekali untuk didengarkan,video musik dj calon mantu terbaik mamamu kali ini enak sekali untuk didengarkan
@JOKOSwantoro,Enak banget udah bagus lagi lagunya bang vizi mantap  👍💦👹🥶😻,enak banget udah bagus lagi lagunya bang vizi mantap  
@NurmaFacey,Lagunya. Enak banget baaaaaaaaaaaaaang🎉🎉🎉❤,lagunya enak banget baaaaaaaaaaaaaang
@boneandi-d1u,gacor ❤❤❤❤,gacor 
@BundaAyah615,🎉 mantap🎉, mantap
@MarvinDion-n7i2j,keren bosku anjay lah,keren bosku anjay lah
@IwanFutrra7,Enak sekali lagunya bang semoga  ada yanglek semangat bikin kontenye🎉🎉🎉🎉🎉,enak sekali lagunya bang semoga  ada yanglek semangat bikin kontenye
@AdekLintang,Seterah aku aku calon mantu yang baik namamu patah hati dulu aku calon mantu dan baiknya kamu tahukah hatiku setelah aku aku calon menantu dengan baik namamu😊😊😊,seterah aku aku calon mantu yang baik namamu patah hati dulu aku calon mantu dan baiknya kamu tahukah hatiku setelah aku aku calon menantu dengan baik namamu
@juitaitajudee6550,Enak cuii lagunya🤙,enak cuii lagunya
@SadekAjja,Asik bangett lagu. nya k,asik bangett lagu nya k
@edisarwo7866,asik bgt🔥🔥,asik bgt
@NazrinnMiko,Pling mntp sd ni untuk ank c junaid jn lupa eat,pling mntp sd ni untuk ank c junaid jn lupa eat
@rifkajalal6489,LAMPU KAKAK🤗💓,lampu kakak
@Rahelaputriangraeni,Mantap lagu nya,mantap lagu nya
@dwianggraeni7323,MATAP BANG🤪🤪🤪🤙🤙🤙,matap bang
@KijangKeke,Bagusss,bagusss
@DablongTok,P apik keren,p apik keren
@NugrahaArta-x3y,enak Nye rooooooooooooooor,enak nye rooooooooooooooor
@MeiiPandengsolang,Menyala kali,menyala kali
@Phace-w4w,Caandduu bngt pg² denger lagu ini 🔥🎉,caandduu bngt pg denger lagu ini 
@ADRRADEN,😂 younglex, younglex
@DarrelAdli6,Selalu asik untuk didengarkan musik DJ calon mantu terbaik mamamu,selalu asik untuk didengarkan musik dj calon mantu terbaik mamamu
@PriyantiPrilijaya,Bejirr keren bangt👍👍,bejirr keren bangt
@LogaySaayana,Anjay asik,anjay asik
@fatasyalanihapsari2795,mantap,mantap
@JamiatiDuha,dj  pas,dj  pas
@farukfachrurrozi7145,Keren,keren
@Husnull15,Menyala abangku ❤❤❤❤❤❤❤❤😊😊😊😊😊😊😊😊,menyala abangku 
@acilpratama8225,ini nih yang cari-cari 🤭🔥🔥🔥,ini nih yang caricari 
@papailias9246,Muantap,muantap
@ikamaylla1309,"Asem bang
❤❤❤❤❤❤❤🎉🎉🎉","asem bang
"
@kenyokusuma1622,❤❤❤,
@MANGNUM-l5t,sedap nyee,sedap nyee
@AlfinoAkbarArdhani,Anjayyyyyyyy,anjayyyyyyyy
@muhammadgunawan5803,🤘😋,
@AsrafRavel,iya teri makasih😊😊😊😊😊😊😊😊,iya teri makasih
@redekuy007,Gua stel buat backsound lomba kemarin,gua stel buat backsound lomba kemarin
@nailachedal962,Bagus banget lagu nya 😊😊,bagus banget lagu nya 
@AndraIndra-sl2ed,terimakasih,terimakasih
@AnitEryck-bl1is,Lucu banget❤,lucu banget
@DJNORIN,Izin meramaikan mas 🙏🏻,izin meramaikan mas 
@zybcaaaa,2:49 serasa di edit🗿,249 serasa di edit
@ikamaylla1309,Asek bang😘😘😘😘😘😘😘🫡🫡🫡🫡🫡🫡💥💥💥🤤🙂‍↔️🤯🤯🤯🤯😸😸😸😸😸,asek bang
@kenyokusuma1622,Matab🎉❤,matab
@IrulMukong,Akusuka,akusuka
@HazuLink,"entah dri kapan suka lagu ini , berawal suka dj remix

salam dari Jabar cirebon 👍👍","entah dri kapan suka lagu ini  berawal suka dj remix

salam dari jabar cirebon "
@AdeeChullo,Ini yang papa cariii,ini yang papa cariii
@adelianovitasari4498,🤩,
@IlahiWahyu-k4q,Beuh ngena kali cok🤙🤙🤙🤟🤞,beuh ngena kali cok
@real_official789,Enjoy,enjoy
@sudaysudiro4200,💃💃💃💃,
@arnintosa3892,bang cmn nanya ini tdk kena royalti kan😁😁klw dengar lagi ini,bang cmn nanya ini tdk kena royalti kanklw dengar lagi ini
@GebbyShantika,😊😊😊😊,
@AskalOeyy,Enak bettt cokk anjeenkkk asssssuiii konnn...😭🔥❤,enak bettt cokk anjeenkkk asssssuiii konnn
@WiewiDewi,❤😊😊😊😊😊😊😊😊,
@LailaAgustiningsi,Mntap,mntap
@dianIrawan-w7f,😮❤❤❤❤❤❤❤❤saaen,saaen
@khaylaaarorrrr,🤔 mengingatkan saya..., mengingatkan saya
@devariana6155,❤❤❤❤❤❤❤❤❤❤❤❤,
@AdeliaYulia,Mantap 17:17  sampe akhirr candu 🥳😭,mantap 1717  sampe akhirr candu 
@MeriPadang,❤,
@zullz1u,asik🕺,asik
@WiewiDewi,❤😊😊😊😊😊,
@AlfinoAkbarArdhani,Aku cok,aku cok
@WiewiDewi,🇦🇪😍,
@ansyahaja,enak,enak
@NazrinnMiko,Lagu knee” ba ni,lagu knee ba ni
@asukirek6663,pokok nya m antap lagu nya,pokok nya m antap lagu nya
@yantovivo6133,Lagu nya enak di dengar,lagu nya enak di dengar
@MHDAMIRMHDAMIR-k9e,ini yg gw cari cari,ini yg gw cari cari
@AzammAzamm-q6p,Joget joget dulu 🤣🤣🤯🤯🤯 meledak Abang ku,joget joget dulu  meledak abang ku
@MrGamesHoror,Silent night,silent night
@WatiRusmawati-vb9cf,❤❤❤❤❤❤❤abang ku,abang ku
@Suripto-i8j,wah bagus kak❤❤❤,wah bagus kak
@ibukhairumi,👍👍👍👍,
@dedahjubaedah6887,Bang aku udh🎉🎉🎉❤❤ ini aku azam.?😎😎🤤😝👍👍👌💘,bang aku udh ini aku azam
@tomimaulana5845,Bjir lagi enak² denger pake headset sempet² nya ada iklan,bjir lagi enak denger pake headset sempet nya ada iklan
@SopatiSopati-z4n4j,❤❤❤❤❤,
@alviraluluadini4935,😊😊,
@nayraindriani-z3i,mantap kk ❤❤❤❤,mantap kk 
@rapitarapita47,😮😮😊😊😊,
@rifqitri5142,🔥🔥,
@sulfaachmad1823,Versi tabola bale campur pica pica 2,versi tabola bale campur pica pica 2
@BPAmulyana,Turnamen yang kamu 😊inginkan adalah sebuah perjalanan ke dalam hati saya ni aku akan selalu ada ada Indonesia dan pakaian yang paling kamu suka sama kamu lakukan jika bertemu dengan seorang lelaki yang,turnamen yang kamu inginkan adalah sebuah perjalanan ke dalam hati saya ni aku akan selalu ada ada indonesia dan pakaian yang paling kamu suka sama kamu lakukan jika bertemu dengan seorang lelaki yang
@RaditRahman-j2t3r,😊😊😊😊😊😎😎😎😎😎😎,
@agusmarsono1375,ENAK BANGETLAGUNYA😊😊,enak bangetlagunya
@warungal-hayyan6519,Min KLO bisa buat donk lagu Timor yang lainya tapi bikin kayak gini min,min klo bisa buat donk lagu timor yang lainya tapi bikin kayak gini min
@AyuBky-g2v,😊,
@ahoahi1980,Lagunya bagus banget ya apalagi gemoy lagunya ada sebuah bale apa-apa gitu loh aku juga mau komen love lguys❤❤❤❤❤❤❤❤❤❤❤❤ aku juga suka soalnya dia itu nyanyinya yang celana apapun yang menarik pagi itu aku udah pernah lihat orangnyaguys❤❤,lagunya bagus banget ya apalagi gemoy lagunya ada sebuah bale apaapa gitu loh aku juga mau komen love lguys aku juga suka soalnya dia itu nyanyinya yang celana apapun yang menarik pagi itu aku udah pernah lihat orangnyaguys
@iswatinisah5604,inara❤❤❤❤❤❤❤❤❤❤❤ ALBY,inara alby
@rosmaya590,uh❤p,uhp
@dermaeviyanti9727,bagus sekali ❤❤❤❤😂😂😂🎉🎉🎉😢😢😢😮😮😮😅😅😅😅😊😊😊,bagus sekali 
@threeswellofficial441,👍,
@HERAWATINENGNONG,KHumAiRA❤,khumaira
@aarri221,Akhirnya ketemu yg versi ini😢😢🎉,akhirnya ketemu yg versi ini
@ViolaputriAliysa,😊❤😊❤😊❤😊❤😊❤😊❤😊,
@KevinAlfarizky-c5z,💯👀👀👀👀🧠🧠🧠🧠🧠,
@vinkalingga678,Lagunya bagus aku kasih 100 ⭐⭐⭐⭐⭐💯,lagunya bagus aku kasih 100 
@MaiAtun-u3u,aku,aku
@hilariaaprilianaapriliana2874,🙏🏻,
@CruenLux,Bagaimana kamu kembalikan mau dzikir aku apakah kamu kembalikan mau dzikir aku ok Google kamu agama kamu dzikir aku suka kepadamu kamu,bagaimana kamu kembalikan mau dzikir aku apakah kamu kembalikan mau dzikir aku ok google kamu agama kamu dzikir aku suka kepadamu kamu
@FirmanJayaMotor,🎉mata😅,mata
@DimasThor-t7n,Suara nya bagus bangat bg😎😎😎😎😎😎😎😎😎😎😎😎😎🤟🤟🤘🤘🤘🤙🤙🤟😝😝😝😝😝😝,suara nya bagus bangat bg
@RifNaura,enak bangeeeet ❤❤❤❤❤,enak bangeeeet 
@FatirRahman-w9p,Saya bukan bang,saya bukan bang
@SaifudinUjang,Lanjut baa,lanjut baa
@iswatinisah5604,❤❤❤❤❤❤❤❤❤❤❤❤❤❤❤❤❤❤❤❤❤❤❤❤,
@DaiMennn-q9n,😂😂😂😂😂😂🎉,
@KevinAlfarizky-c5z,😮😮😮😮😮😮,
@LitaSari-k8c,Seni rupa Najwa nelo Eropa,seni rupa najwa nelo eropa
@JEPANGORANG,Truk buat kamu mau,truk buat kamu mau
@AtanasioMoriyra,Lagu.  Bagus🫰💋💋,lagu  bagus
@megamegi-z9f,ioi,ioi
@AgusmanFikri,lagu enak baget cuiiiiiiiiiiiiiiiiiii,lagu enak baget cuiiiiiiiiiiiiiiiiiii
@MonikaRombe-z1c,Nanti aja itu,nanti aja itu
@Realmenote60-x1x,Saya,saya
@RamadhanLiing-o5l,DJ 🤟🏻😜😎🕺🏻🌪️☘️🍃🌿🐯🎉,dj 
@IcaArmidaIcaa,Iya dong namanya juga joget bolak-balik,iya dong namanya juga joget bolakbalik
@ArianaAna-d9q,❤️•᷄‎ࡇ•᷅AF joy 😊,af joy 
@LitaSari-k8c,Hanifa Alika little Putri Alila Alila non ay nur ayu Nayla Amira davia Devia Afifah Aisyah,hanifa alika little putri alila alila non ay nur ayu nayla amira davia devia afifah aisyah
@SulisSulis-b2m,Yu,yu
@asep2709,😮😮😮😮😮😮😮😮😮😮😮😮😮😮,
@muhjaisar6045,🕺🕺,
@revaReva-n2i1s,❤❤❤❤❤😊😊😊😊😊😘😘😘😘😘😘😘☺☺☺,
@SamsulBambang-v8o,😉😉😉😉😉🇮🇩😎😃,
@Reihan-y2r,Iagu ya baru yang di mau,iagu ya baru yang di mau
@DaiMennn-q9n,Ruu to be to 65r😅😅😅,ruu to be to 65r
@farhanfadhila4214,rorrr,rorrr
@nandapramudita15378,uh,uh
@Reihan-y2r,❤️❤️❤️❤️❤️❤️♥️♥️♥️♥️♥️♥️Iagu aku akan tetap,iagu aku akan tetap
@AsyrafzahirulZein,ASSYRAF ❤🎉🎉a🎉,assyraf a
@selametsali1081,😆😆😆😆😆😁😁😁😁😁👍👍👍👍😎😎😎😎😎❤️❤️❤️❤️,
@ImamSupii-l7d,Siapa yang denger lagu ini 2025🎉,siapa yang denger lagu ini 2025
@muhammadhafidz8626,ngentotnyeeee,ngentotnyeeee
@MonikaRombe-z1c,Buat kenten gak sihh😂😂😂,buat kenten gak sihh
@AndiSaputra-r6w,Orang,orang
@HelmiAzkia,❤❤❤❤🎉🎉🎉🎉🎉🎉🎉🎉🎉🎉❤❤❤❤❤❤❤❤❤❤😂❤❤❤❤❤❤❤❤❤,
@AgisRizky-c4w,"🤔🤔🤔🤔🤔🤔💯💯💯💯💯💯
❤️❤️❤️❤️❤️❤️
🤫🤫🤫🤫🤫🤫","

"
@RosiBalado,Ban,ban
@NesKabri,9https://youtu.be/6VkezACZL24?si=KEJMrEfkeZJnrEVw,9httpsyoutube6vkezaczl24sikejmrefkezjnrevw
@IlhamAinurohman-y6u,Posisi saat ini sedang lembur bikin layangan,posisi saat ini sedang lembur bikin layangan
@SyahbudiBudi-r1t,aku suka lagi ini🥰(♥ω♥*)❤( ˘ ³˘)♥,aku suka lagi ini  
@dandidandi-c2q,🎉🤬🤗🤬🤗🤭🥺😔,
@FathirAzzami-d4q,cukurukuk,cukurukuk
@SamsulBambang-v8o,faizfaizfaizfaiz,faizfaizfaizfaiz
@WarPat-e3z,Gw lagi berak,gw lagi berak
@IrulMukong,Bocot,bocot
@Driparzaplant,Ngak bagus...,ngak bagus
@Han-s8d1i,𝚃𝚒𝚊𝚙 𝚗𝚢𝚘𝚛𝚎 𝚋𝚊𝚠𝚊 𝚖𝚘𝚝𝚘𝚛😊😊 𝚐𝚔 𝚝𝚎𝚛𝚕𝚎𝚙𝚊𝚜 𝚍𝚊𝚛𝚒 𝚍𝚓 𝚒𝚗𝚒: 𝚜𝚕𝚕𝚞 𝚐𝚞𝚊 𝚙𝚞𝚝𝚎𝚛 𝚊𝚖𝚙𝚎 𝚕𝚒𝚖𝚒𝚝𝚝😊😊❤❤,             
@WawayIbad,mantap,mantap
@RahmaTana-c1i,siapayangdengerlaguini2o25🎉,siapayangdengerlaguini2o25
@TataSasmita-z3j,"Pripasinya para Mamac ya. Ciadik bidan wow.DR.adiknya aA oli. Putaputi kadung MiMi cincin. Awel Puti mama nengci. Puty ALMA.iwi tiktok.adiknya teteh Arini. Lebih tua dech.karena waktu Ciyaya nenen. Hambar gitu. Sudah gede putynya. 33kali.🤔itu ukuran nenen segitu adalah.usia bayi 1,5. tiktok.pingga",pripasinya para mamac ya ciadik bidan wowdradiknya aa oli putaputi kadung mimi cincin awel puti mama nengci puty almaiwi tiktokadiknya teteh arini lebih tua dechkarena waktu ciyaya nenen hambar gitu sudah gede putynya 33kaliitu ukuran nenen segitu adalahusia bayi 15 tiktokpingga
@AtikaPanjaitan-m8o,Gilbert 💯😎😎,gilbert 
@ErnaErna-ds8co,Aku bg,aku bg
@escincauuuu,eyy bang😭🤧,eyy bang
@gltstefan1790,Caper,caper
@lukmanfrzzd,"lu bisa apa, cuma bisa ngatain org, caper",lu bisa apa cuma bisa ngatain org caper
@HhxHxhud,❤,
@JaeLani-s4g,👍,
@AsyrafzahirulZein,ASYRAF❤🎆🎊🧧🎉🎃🎄🎆🎍🎋✨️🏅,asyraf
@SamsulBambang-v8o,faizfaizfaizfaiz,faizfaizfaizfaiz
@riskariska-co7th,mantap,mantap
@maulidasadi,❤,
@SamsulBambang-v8o,faizfaizfaizfaiz,faizfaizfaizfaiz
