user,comment
@ridhokesuma21,udah monet channelnya bg?
@yoris275,Anjay mantapp bangg😊😊😊😊
@IlhamAinurohman-y6u,Buat back sound  lagi bkin layangan boskuu mantaap.. maju terus berkarya terus bosku slam dari sulawesi tenggara boss
@AFNindo,Biasanya tak buat lagu senam briefing pagi ini mantap bang biar tambah semangat pagi hari sebelum kerja
@RobertoDosSantos-q3h,Gacor nii bang🎉
@RojinRojin-c1u,Enak banget djnya bang😊
@chikazz,teruskan lagu terbaik boskuu ada yng masa bik akan datang lebih berguna
@mellaniafitriani09,Mantap banget😊
@KadekMurni-g4j,Salam kak aku pengen di sapa sama anak loteng salam dari lobar ya
@KaiItoshi-n4w,mas ga mau di taro spotify kah? gacor banget sumpah soundnyaaa
@Fami-z3l,Enak banget suaranya candu candu banget🎉🎉🎉🎉🎉🎉
@zahraamira617,asikk bangg
@Aditya-i6c2b,Gacor kali bang🎉
@DarrelAdli-n5i,Video musik DJ calon mantu terbaik kali ini bagus banget
@AfifRaditya-k1v,Toppp boskuwhhh🎉🎉❤❤
@FloraRiatamba-p5w,menyala abangkuu rooooooooooorrrr
@Misriyati23,Enak banget buat bersih bersih tambah semangat ❤🎉
@MetaAulia-w1f,Asik banget
@Miaa16-r5l,Kane bangetttt njayyyy❤
@Sanirida,candu bget njirrrr❤🎉🎉🎉😅 Thank you dj 🤤
@HamzahMohammed-n2t,Rt ini lagu apa
@BangunIkhwani,Gutouri❤lyiiout❤yo
@MahmudJos,Adel❤meme❤alika❤alin❤sipa❤sang❤adara❤reta❤asira❤raga❤zagara❤zaka❤dezano❤yaza❤dimasi❤
@AtikaPanjaitan-m8o,Mantap bang 💪😎💯🎉
@20.nadyashafwah27,nitippp
@VivoY91-v9b,Bagus😊😊😊😊😊😊😊😊
@VivoY91-v9b,😊😊
@WongMatrix-th3jw,ngga sopan bang ngomong nya😢
@MaulidiaAssija-jl1ox,❤
@rishkaRISHKAikka,M
@GreenOrganik,its so good nice
@AzzamRaditya-c9i,mantaaap 😊😊
@iyan-u5j,Asik banget bg
@IrfangmingIrfangming,lagu ini aku cokk🎉🎉🎉
@cipetirchannel4964,"Enk dijenyaaaaaa
😊"
@BambangBambang-r9i,Kren bro lagsung semangat kerja sambil putar musik nya🔥🔥
@FatirRahman-w9p,",iyadong emang mantap ya😊"
@newaura-b1i,asik betttt
@Adri-xl5jm,Keren😮
@Miraloli-m9h,Uhhhhh enak banget DJ nya wow
@Kasfi-g1b5z,Mantap bang❤❤❤❤
@cipetirchannel4964,Wow enak di jenya👍👍👍👍
@prayugodwipangestu,MANTAP BOS 😊😊😊😊😊
@Rizkimaulana-l6o,Mantap gebas dan kenceng
@TiaraTiara-l6d,Mantap kali lagunya bang 🎉
@firmann10,Anjay mantafp bang
@foxtrotsix4391,Kane banget bang sukses selalu ⚡️😁
@adamkreezy4754,"Hidupp mahiru
Hidupp blondeee!!🎉"
@ZahraCantik-c7p,Mantap banget bos
@Wijiyanti-t5w,❤❤❤🎉🎉🎉😊😊😊suka sekali emang keren sekali lagunya boy
@DarrelAdli-n5i,Musik DJ calon mantu terbaik kali ini bagus banget
@NauraDelia-e9k,iya cui
@mohdazrilmohdsolehim,❤
@ArmanRossi,Masa
@DarrelAdli6,Video musik DJ calon mantu terbaik mamamu kali ini enak sekali untuk didengarkan
@JOKOSwantoro,Enak banget udah bagus lagi lagunya bang vizi mantap  👍💦👹🥶😻
@NurmaFacey,Lagunya. Enak banget baaaaaaaaaaaaaang🎉🎉🎉❤
@boneandi-d1u,gacor ❤❤❤❤
@BundaAyah615,🎉 mantap🎉
@MarvinDion-n7i2j,keren bosku anjay lah
@IwanFutrra7,Enak sekali lagunya bang semoga  ada yanglek semangat bikin kontenye🎉🎉🎉🎉🎉
@AdekLintang,Seterah aku aku calon mantu yang baik namamu patah hati dulu aku calon mantu dan baiknya kamu tahukah hatiku setelah aku aku calon menantu dengan baik namamu😊😊😊
@juitaitajudee6550,Enak cuii lagunya🤙
@SadekAjja,Asik bangett lagu. nya k
@edisarwo7866,asik bgt🔥🔥
@NazrinnMiko,Pling mntp sd ni untuk ank c junaid jn lupa eat
@rifkajalal6489,LAMPU KAKAK🤗💓
@Rahelaputriangraeni,Mantap lagu nya
@dwianggraeni7323,MATAP BANG🤪🤪🤪🤙🤙🤙
@KijangKeke,Bagusss
@DablongTok,P apik keren
@NugrahaArta-x3y,enak Nye rooooooooooooooor
@MeiiPandengsolang,Menyala kali
@Phace-w4w,Caandduu bngt pg² denger lagu ini 🔥🎉
@ADRRADEN,😂 younglex
@DarrelAdli6,Selalu asik untuk didengarkan musik DJ calon mantu terbaik mamamu
@PriyantiPrilijaya,Bejirr keren bangt👍👍
@LogaySaayana,Anjay asik
@fatasyalanihapsari2795,mantap
@JamiatiDuha,dj  pas
@farukfachrurrozi7145,Keren
@Husnull15,Menyala abangku ❤❤❤❤❤❤❤❤😊😊😊😊😊😊😊😊
@acilpratama8225,ini nih yang cari-cari 🤭🔥🔥🔥
@papailias9246,Muantap
@ikamaylla1309,"Asem bang
❤❤❤❤❤❤❤🎉🎉🎉"
@kenyokusuma1622,❤❤❤
@MANGNUM-l5t,sedap nyee
@AlfinoAkbarArdhani,Anjayyyyyyyy
@muhammadgunawan5803,🤘😋
@AsrafRavel,iya teri makasih😊😊😊😊😊😊😊😊
@redekuy007,Gua stel buat backsound lomba kemarin
@nailachedal962,Bagus banget lagu nya 😊😊
@AndraIndra-sl2ed,terimakasih
@AnitEryck-bl1is,Lucu banget❤
@DJNORIN,Izin meramaikan mas 🙏🏻
@zybcaaaa,2:49 serasa di edit🗿
@ikamaylla1309,Asek bang😘😘😘😘😘😘😘🫡🫡🫡🫡🫡🫡💥💥💥🤤🙂‍↔️🤯🤯🤯🤯😸😸😸😸😸
@kenyokusuma1622,Matab🎉❤
@IrulMukong,Akusuka
@HazuLink,"entah dri kapan suka lagu ini , berawal suka dj remix

salam dari Jabar cirebon 👍👍"
@AdeeChullo,Ini yang papa cariii
@adelianovitasari4498,🤩
@IlahiWahyu-k4q,Beuh ngena kali cok🤙🤙🤙🤟🤞
@real_official789,Enjoy
@sudaysudiro4200,💃💃💃💃
@arnintosa3892,bang cmn nanya ini tdk kena royalti kan😁😁klw dengar lagi ini
@GebbyShantika,😊😊😊😊
@AskalOeyy,Enak bettt cokk anjeenkkk asssssuiii konnn...😭🔥❤
@WiewiDewi,❤😊😊😊😊😊😊😊😊
@LailaAgustiningsi,Mntap
@dianIrawan-w7f,😮❤❤❤❤❤❤❤❤saaen
@khaylaaarorrrr,🤔 mengingatkan saya...
@devariana6155,❤❤❤❤❤❤❤❤❤❤❤❤
@AdeliaYulia,Mantap 17:17  sampe akhirr candu 🥳😭
@MeriPadang,❤
@zullz1u,asik🕺
@WiewiDewi,❤😊😊😊😊😊
@AlfinoAkbarArdhani,Aku cok
@WiewiDewi,🇦🇪😍
@ansyahaja,enak
@NazrinnMiko,Lagu knee” ba ni
@asukirek6663,pokok nya m antap lagu nya
@yantovivo6133,Lagu nya enak di dengar
@MHDAMIRMHDAMIR-k9e,ini yg gw cari cari
@AzammAzamm-q6p,Joget joget dulu 🤣🤣🤯🤯🤯 meledak Abang ku
@MrGamesHoror,Silent night
@WatiRusmawati-vb9cf,❤❤❤❤❤❤❤abang ku
@Suripto-i8j,wah bagus kak❤❤❤
@ibukhairumi,👍👍👍👍
@dedahjubaedah6887,Bang aku udh🎉🎉🎉❤❤ ini aku azam.?😎😎🤤😝👍👍👌💘
@tomimaulana5845,Bjir lagi enak² denger pake headset sempet² nya ada iklan
@SopatiSopati-z4n4j,❤❤❤❤❤
@alviraluluadini4935,😊😊
@nayraindriani-z3i,mantap kk ❤❤❤❤
@rapitarapita47,😮😮😊😊😊
@rifqitri5142,🔥🔥
@sulfaachmad1823,Versi tabola bale campur pica pica 2
@BPAmulyana,Turnamen yang kamu 😊inginkan adalah sebuah perjalanan ke dalam hati saya ni aku akan selalu ada ada Indonesia dan pakaian yang paling kamu suka sama kamu lakukan jika bertemu dengan seorang lelaki yang
@RaditRahman-j2t3r,😊😊😊😊😊😎😎😎😎😎😎
@agusmarsono1375,ENAK BANGETLAGUNYA😊😊
@warungal-hayyan6519,Min KLO bisa buat donk lagu Timor yang lainya tapi bikin kayak gini min
@AyuBky-g2v,😊
@ahoahi1980,Lagunya bagus banget ya apalagi gemoy lagunya ada sebuah bale apa-apa gitu loh aku juga mau komen love lguys❤❤❤❤❤❤❤❤❤❤❤❤ aku juga suka soalnya dia itu nyanyinya yang celana apapun yang menarik pagi itu aku udah pernah lihat orangnyaguys❤❤
@iswatinisah5604,inara❤❤❤❤❤❤❤❤❤❤❤ ALBY
@rosmaya590,uh❤p
@dermaeviyanti9727,bagus sekali ❤❤❤❤😂😂😂🎉🎉🎉😢😢😢😮😮😮😅😅😅😅😊😊😊
@threeswellofficial441,👍
@HERAWATINENGNONG,KHumAiRA❤
@aarri221,Akhirnya ketemu yg versi ini😢😢🎉
@ViolaputriAliysa,😊❤😊❤😊❤😊❤😊❤😊❤😊
@KevinAlfarizky-c5z,💯👀👀👀👀🧠🧠🧠🧠🧠
@vinkalingga678,Lagunya bagus aku kasih 100 ⭐⭐⭐⭐⭐💯
@MaiAtun-u3u,aku
@hilariaaprilianaapriliana2874,🙏🏻
@CruenLux,Bagaimana kamu kembalikan mau dzikir aku apakah kamu kembalikan mau dzikir aku ok Google kamu agama kamu dzikir aku suka kepadamu kamu
@FirmanJayaMotor,🎉mata😅
@DimasThor-t7n,Suara nya bagus bangat bg😎😎😎😎😎😎😎😎😎😎😎😎😎🤟🤟🤘🤘🤘🤙🤙🤟😝😝😝😝😝😝
@RifNaura,enak bangeeeet ❤❤❤❤❤
@FatirRahman-w9p,Saya bukan bang
@SaifudinUjang,Lanjut baa
@iswatinisah5604,❤❤❤❤❤❤❤❤❤❤❤❤❤❤❤❤❤❤❤❤❤❤❤❤
@DaiMennn-q9n,😂😂😂😂😂😂🎉
@KevinAlfarizky-c5z,😮😮😮😮😮😮
@LitaSari-k8c,Seni rupa Najwa nelo Eropa
@JEPANGORANG,Truk buat kamu mau
@AtanasioMoriyra,Lagu.  Bagus🫰💋💋
@megamegi-z9f,ioi
@AgusmanFikri,lagu enak baget cuiiiiiiiiiiiiiiiiiii
@MonikaRombe-z1c,Nanti aja itu
@Realmenote60-x1x,Saya
@RamadhanLiing-o5l,DJ 🤟🏻😜😎🕺🏻🌪️☘️🍃🌿🐯🎉
@IcaArmidaIcaa,Iya dong namanya juga joget bolak-balik
@ArianaAna-d9q,❤️•᷄‎ࡇ•᷅AF joy 😊
@LitaSari-k8c,Hanifa Alika little Putri Alila Alila non ay nur ayu Nayla Amira davia Devia Afifah Aisyah
@SulisSulis-b2m,Yu
@asep2709,😮😮😮😮😮😮😮😮😮😮😮😮😮😮
@muhjaisar6045,🕺🕺
@revaReva-n2i1s,❤❤❤❤❤😊😊😊😊😊😘😘😘😘😘😘😘☺☺☺
@SamsulBambang-v8o,😉😉😉😉😉🇮🇩😎😃
@Reihan-y2r,Iagu ya baru yang di mau
@DaiMennn-q9n,Ruu to be to 65r😅😅😅
@farhanfadhila4214,rorrr
@nandapramudita15378,uh
@Reihan-y2r,❤️❤️❤️❤️❤️❤️♥️♥️♥️♥️♥️♥️Iagu aku akan tetap
@AsyrafzahirulZein,ASSYRAF ❤🎉🎉a🎉
@selametsali1081,😆😆😆😆😆😁😁😁😁😁👍👍👍👍😎😎😎😎😎❤️❤️❤️❤️
@ImamSupii-l7d,Siapa yang denger lagu ini 2025🎉
@muhammadhafidz8626,ngentotnyeeee
@MonikaRombe-z1c,Buat kenten gak sihh😂😂😂
@AndiSaputra-r6w,Orang
@HelmiAzkia,❤❤❤❤🎉🎉🎉🎉🎉🎉🎉🎉🎉🎉❤❤❤❤❤❤❤❤❤❤😂❤❤❤❤❤❤❤❤❤
@AgisRizky-c4w,"🤔🤔🤔🤔🤔🤔💯💯💯💯💯💯
❤️❤️❤️❤️❤️❤️
🤫🤫🤫🤫🤫🤫"
@RosiBalado,Ban
@NesKabri,9https://youtu.be/6VkezACZL24?si=KEJMrEfkeZJnrEVw
@IlhamAinurohman-y6u,Posisi saat ini sedang lembur bikin layangan
@SyahbudiBudi-r1t,aku suka lagi ini🥰(♥ω♥*)❤( ˘ ³˘)♥
@dandidandi-c2q,🎉🤬🤗🤬🤗🤭🥺😔
@FathirAzzami-d4q,cukurukuk
@SamsulBambang-v8o,faizfaizfaizfaiz
@WarPat-e3z,Gw lagi berak
@IrulMukong,Bocot
@Driparzaplant,Ngak bagus...
@Han-s8d1i,𝚃𝚒𝚊𝚙 𝚗𝚢𝚘𝚛𝚎 𝚋𝚊𝚠𝚊 𝚖𝚘𝚝𝚘𝚛😊😊 𝚐𝚔 𝚝𝚎𝚛𝚕𝚎𝚙𝚊𝚜 𝚍𝚊𝚛𝚒 𝚍𝚓 𝚒𝚗𝚒: 𝚜𝚕𝚕𝚞 𝚐𝚞𝚊 𝚙𝚞𝚝𝚎𝚛 𝚊𝚖𝚙𝚎 𝚕𝚒𝚖𝚒𝚝𝚝😊😊❤❤
@WawayIbad,mantap
@RahmaTana-c1i,siapayangdengerlaguini2o25🎉
@TataSasmita-z3j,"Pripasinya para Mamac ya. Ciadik bidan wow.DR.adiknya aA oli. Putaputi kadung MiMi cincin. Awel Puti mama nengci. Puty ALMA.iwi tiktok.adiknya teteh Arini. Lebih tua dech.karena waktu Ciyaya nenen. Hambar gitu. Sudah gede putynya. 33kali.🤔itu ukuran nenen segitu adalah.usia bayi 1,5. tiktok.pingga"
@AtikaPanjaitan-m8o,Gilbert 💯😎😎
@ErnaErna-ds8co,Aku bg
@escincauuuu,eyy bang😭🤧
@gltstefan1790,Caper
@lukmanfrzzd,"lu bisa apa, cuma bisa ngatain org, caper"
@HhxHxhud,❤
@JaeLani-s4g,👍
@AsyrafzahirulZein,ASYRAF❤🎆🎊🧧🎉🎃🎄🎆🎍🎋✨️🏅
@SamsulBambang-v8o,faizfaizfaizfaiz
@riskariska-co7th,mantap
@maulidasadi,❤
@SamsulBambang-v8o,faizfaizfaizfaiz
